Horodateur,"Connaissez-vous le terme « brainstorming » ? ","Travaillez-vous plus souvent individuellement ou en groupe ? ","Avez vous déjà utilisé une application de brainstorming ?","Miro ","MindMeister","XMind","Klaxoon","Lucidchart / Lucidspark","Coggle","Microsoft Whiteboard","Zoom","Trello","Notion","Figma (et FigJam)","Canva","À quelle fréquence utilisez-vous l’intelligence artificielle ","Quel degré de confiance accordez-vous initialement à l’intelligence artificielle pour produire des idées pertinentes et créatives ?","Seriez-vous intéressé(e) par une nouvelle application de brainstorming avec une lA","l’ergonomie "," l’accessibilité "," la fonctionnalité intelligente limitée","l’intégration des données "," la limitation des versions gratuites","confidentialité et sécurité","un mode hors ligne ou application mobile utilisable partout","un export facile en PDF, PNG, Word ou Trello/Notion","Police de lecture adaptée à la dyslexie","Correcteur orthographique bienveillant (pour personnes en situation de dysorthographie).","Combien seriez-vous prêt(e) à payer pour accéder à des fonctionnalités avancées ?","Sur quels réseaux sociaux êtes-vous le plus actif ? ","Vous êtes :","Quel âge avez-vous ? ","Slack ","Microsoft teams ","Figma (et FigJam)","Klaxoon","Canva","XMind","MindMeister"," Microsoft Whiteboard"," Zoom","Google chat / google meet ","Trello ","Notion ","À quelle fréquence utilisez-vous l’intelligence artificielle (IA) au quotidien ?","Quel degré de confiance accordez-vous initialement à l’intelligence artificielle pour produire des idées pertinentes et créatives ?","À quel niveau seriez-vous intéressé(e) par une nouvelle application de brainstorming avec une lA qui génère des idées en fonction d'un thème ?","Une interface simple, fluide et intuitive","Police de lecture adaptée à la dyslexie","Correcteur orthographique bienveillant (pour personnes en situation de dysorthographie)","Un mode collaboratif en temps réel","Une fonction de génération d’idées par intelligence artificielle","Des post-it ou cartes visuelles personnalisables","Une organisation claire des idées : catégories, couleurs, hiérarchies","Une possibilité de commentaires, votes ou réactions sur les idées partagées","Des modèles prédéfinis de brainstorming","Une possibilité d’intégrer des images, fichiers ou liens web","Un export facile en PDF, PNG, Word ou Trello/Notion","Une synchronisation avec d’autres outils comme Google drive…","Un système de rappel ou suivi des idées non développées","Un mode hors ligne ou application mobile utilisable partout","Une haute sécurité / confidentialité des données","Une option de brainstorm “anonyme” pour libérer la parole","Un/e assistant/e vocal ou dictée pour les idées à l’oral","Combien seriez-vous prêt(e) à payer pour accéder à des fonctionnalités avancées ?","Sur quels réseaux sociaux êtes vous le plus actif ? ","Vous êtes :","Quel âge avez-vous ? "
"2025/06/25 4:53:36 PM UTC+3","3","En groupe","Non","","","","","","","","","","","","","","","","","","","","","","","","","","","","","","1","2","1","","5","1","1","3","2","1","1","1","8","","4","5","","","4","4","2","3","3","2","5","5","3","4","4","5","3","4","4€","Instagram","Etudiant","18-25"
"2025/06/25 5:27:34 PM UTC+3","5","En groupe","Non","","","","","","","","","","","","","","","","","","","","","","","","","","","","","","1","1","1","","5","1","1","3","3","2","1","1","10","","5","5","","","5","5","5","5","5","5","5","5","5","4","5","5","5","1","jusqu’à 15€","Instagram;Snapchat;TikTok;YouTube","Etudiant","18-25"
"2025/06/25 5:28:18 PM UTC+3","4","En groupe","Oui et j’utilise aussi les outils de brainstorming","2","1","1","","1","1","2","4","3","4","3","3","5","","10","3","4","3","3","4","4","5","4","","","55","Instagram;LinkedIn;YouTube;WhatsApp","Etudiant","18-25","","","","","","","","","","","","","","","","","","","","","","","","","","","","","","","","","","","",""
"2025/06/25 5:56:39 PM UTC+3","2","En groupe","Non","","","","","","","","","","","","","","","","","","","","","","","","","","","","","","1","4","1","","5","1","1","2","2","3","1","1","7","","4","5","","","5","5","5","5","4","3","5","4","5","5","4","5","5","5","30","Instagram;Snapchat;TikTok;LinkedIn","Etudiant","18-25"
"2025/06/25 6:06:52 PM UTC+3","5","En groupe","Oui","1","1","2","","1","1","4","5","4","1","1","4","4","","9","5","5","3","5","2","5","5","5","","","10€ par mois","Instagram;WhatsApp","Artisans, commerçants, chefs d'entreprises","46-50","","","","","","","","","","","","","","","","","","","","","","","","","","","","","","","","","","","",""
"2025/06/25 6:45:09 PM UTC+3","5","En groupe","Oui","5","2","1","","1","1","1","3","4","4","3","3","5","","10","5","5","5","4","4","5","5","5","","","10","Instagram;Facebook;Snapchat;TikTok;LinkedIn;YouTube;WhatsApp","Etudiant","26-30","","","","","","","","","","","","","","","","","","","","","","","","","","","","","","","","","","","",""
"2025/06/25 10:07:01 PM UTC+3","3","Individuellement","Non","","","","","","","","","","","","","","","","","","","","","","","","","","","","","","3","3","1","","4","3","2","1","4","5","1","1","5","","2","5","","","5","5","5","5","5","2","5","5","5","4","5","5","2","3","20","Aucun","Cadre et profession intellectuelle supérieure","41-45"
"2025/06/25 10:09:10 PM UTC+3","4","En groupe","Non","","","","","","","","","","","","","","","","","","","","","","","","","","","","","","1","5","1","","1","1","1","3","3","2","1","1","5","","3","4","","","4","4","3","5","3","4","4","5","5","3","3","5","4","5","15€/mois","YouTube;WhatsApp","Employé","41-45"
"2025/06/25 10:13:31 PM UTC+3","3","En groupe","Non mais j’utilise mes outils de brainstorming","1","1","1","","1","1","1","1","1","1","1","1","1","","0","3","4","1","4","3","5","3","5","","","0","Instagram;WhatsApp","Employé","26-30","","","","","","","","","","","","","","","","","","","","","","","","","","","","","","","","","","","",""
"2025/06/25 10:17:58 PM UTC+3","5","En groupe","Non mais j’utilise mes outils de brainstorming","1","1","3","","1","1","1","5","3","3","1","3","3","","8","2","3","3","4","1","4","2","4","","","300","YouTube","Artisan, commerçant, chef d'entreprise","41-45","","","","","","","","","","","","","","","","","","","","","","","","","","","","","","","","","","","",""
"2025/06/25 10:18:04 PM UTC+3","5","En groupe","Non","","","","","","","","","","","","","","","","","","","","","","","","","","","","","","1","1","1","","1","1","1","1","1","1","1","1","3","","1","5","","","4","4","4","4","3","3","3","2","2","1","4","5","5","4","1 euro","Instagram;Facebook;TikTok;WhatsApp","Cadre et profession intellectuelle supérieure","46-50"
"2025/06/25 10:18:05 PM UTC+3","2","Individuellement","Non","","","","","","","","","","","","","","","","","","","","","","","","","","","","","","1","1","1","","1","1","1","1","1","1","1","1","6","","3","4","","","3","5","4","5","3","3","4","5","4","3","3","5","4","4","10","Instagram;Snapchat;TikTok","Etudiant","18-25"
"2025/06/25 10:18:54 PM UTC+3","5","En groupe","Non mais j’utilise mes outils de brainstorming","1","1","5","","1","1","3","3","3","4","1","2","5","","6","4","4","3","5","3","5","5","5","","","20","LinkedIn;WhatsApp","Cadre et profession intellectuelle supérieure","51-55","","","","","","","","","","","","","","","","","","","","","","","","","","","","","","","","","","","",""
"2025/06/25 10:18:57 PM UTC+3","5","En groupe","Non mais j’utilise mes outils de brainstorming","1","5","5","","1","1","1","1","1","3","1","1","4","","10","5","3","3","5","1","5","4","5","","","19 euros","Facebook;LinkedIn","Cadre et profession intellectuelle supérieure","46-50","","","","","","","","","","","","","","","","","","","","","","","","","","","","","","","","","","","",""
"2025/06/25 10:19:23 PM UTC+3","5","En groupe","Non mais j’utilise mes outils de brainstorming","1","1","1","","1","1","3","1","1","1","1","2","1","","2","4","4","4","3","3","5","5","5","","","?","Aucun","Cadre et profession intellectuelle supérieure","51-55","","","","","","","","","","","","","","","","","","","","","","","","","","","","","","","","","","","",""
"2025/06/25 10:21:29 PM UTC+3","5","En groupe","Oui","1","1","3","","1","1","1","2","3","1","5","1","2","","5","5","4","3","3","3","3","1","1","","","0","Facebook;LinkedIn;WhatsApp","Cadre et profession intellectuelle supérieure","46-50","","","","","","","","","","","","","","","","","","","","","","","","","","","","","","","","","","","",""
"2025/06/25 10:21:37 PM UTC+3","3","En groupe","Non","","","","","","","","","","","","","","","","","","","","","","","","","","","","","","1","1","1","","1","1","1","1","1","1","1","1","1","","1","3","","","3","3","3","3","3","3","3","3","3","3","3","3","3","3","0","Aucun","Employé","46-50"
"2025/06/25 10:21:50 PM UTC+3","5","Individuellement","Non","","","","","","","","","","","","","","","","","","","","","","","","","","","","","","1","4","1","","2","1","1","1","5","2","1","1","7","","2","5","","","4","3","5","4","3","3","3","4","4","3","4","5","5","5","Je ne sais pas ","TikTok;WhatsApp","Artisan, commerçant, chef d'entreprise","46-50"
"2025/06/25 10:22:05 PM UTC+3","4","En groupe","Non","","","","","","","","","","","","","","","","","","","","","","","","","","","","","","5","5","3","","3","1","1","1","5","2","1","1","3","","3","5","","","4","3","3","4","4","3","5","5","5","5","5","5","1","3","1500","LinkedIn;WhatsApp","Cadre et profession intellectuelle supérieure","46-50"
"2025/06/25 10:22:11 PM UTC+3","4","Individuellement","Oui","1","1","1","","1","1","1","3","5","1","2","2","3","","5","5","4","3","2","3","4","4","4","","","50","LinkedIn","Cadre et profession intellectuelle supérieure","41-45","","","","","","","","","","","","","","","","","","","","","","","","","","","","","","","","","","","",""
"2025/06/25 10:22:35 PM UTC+3","5","En groupe","Non","","","","","","","","","","","","","","","","","","","","","","","","","","","","","","1","5","1","","3","2","1","1","1","2","1","1","7","","3","5","","","5","3","5","5","5","3","5","5","5","5","5","5","5","5","No idea","Facebook;LinkedIn;WhatsApp","Cadre et profession intellectuelle supérieure","51-55"
"2025/06/25 10:22:35 PM UTC+3","5","Individuellement","Non","","","","","","","","","","","","","","","","","","","","","","","","","","","","","","1","4","1","","1","1","1","1","1","1","1","1","10","","1","4","","","3","5","4","4","5","1","5","5","4","2","2","4","4","5","Oui","LinkedIn;YouTube;WhatsApp","Artisan, commerçant, chef d'entreprise","41-45"
"2025/06/25 10:22:50 PM UTC+3","5","En groupe","Non","","","","","","","","","","","","","","","","","","","","","","","","","","","","","","1","5","1","","1","1","1","1","2","1","1","1","2","","2","3","","","3","1","3","4","4","4","4","5","1","1","5","5","5","1","Pas prête à payer pour les applis. Peu importe laquelle.","Instagram;LinkedIn;WhatsApp","Cadre et profession intellectuelle supérieure","46-50"
"2025/06/25 10:22:56 PM UTC+3","5","Individuellement","Non mais j’utilise mes outils de brainstorming","1","1","1","","1","1","1","1","1","5","1","5","5","","10","5","4","3","5","5","5","3","5","","","très exactement de maniere précise et reflechie environ 0 centimes je pense pas trop","Instagram;TikTok","Cadre et profession intellectuelle supérieure","18-25","","","","","","","","","","","","","","","","","","","","","","","","","","","","","","","","","","","",""
"2025/06/25 10:23:24 PM UTC+3","5","En groupe","Non","","","","","","","","","","","","","","","","","","","","","","","","","","","","","","1","5","1","","2","4","1","2","3","3","2","1","6","","3","4","","","5","3","4","5","5","4","5","5","1","4","3","5","5","2","19€","LinkedIn","Cadre et profession intellectuelle supérieure","46-50"
"2025/06/25 10:23:35 PM UTC+3","5","En groupe","Non","","","","","","","","","","","","","","","","","","","","","","","","","","","","","","1","2","1","","1","1","1","1","1","1","1","1","2","","2","5","","","4","3","4","4","4","2","4","5","4","3","2","5","2","4","30€/mois","Instagram;Snapchat;TikTok;YouTube;WhatsApp","Employé","31-35"
"2025/06/25 10:24:22 PM UTC+3","4","En groupe","Non","","","","","","","","","","","","","","","","","","","","","","","","","","","","","","1","4","1","","1","1","1","1","2","2","1","1","1","","4","5","","","4","4","3","4","4","3","5","5","4","3","4","5","4","3","0","Instagram;Facebook;WhatsApp","Cadre et profession intellectuelle supérieure","51-55"
"2025/06/25 10:25:02 PM UTC+3","5","Individuellement","Non mais j’utilise mes outils de brainstorming","1","3","4","","1","1","3","4","3","5","2","2","4","","7","5","5","3","4","3","5","5","5","","","80€","LinkedIn","Cadre et profession intellectuelle supérieure","51-55","","","","","","","","","","","","","","","","","","","","","","","","","","","","","","","","","","","",""
"2025/06/25 10:25:23 PM UTC+3","5","En groupe","Non","","","","","","","","","","","","","","","","","","","","","","","","","","","","","","3","5","3","","4","1","2","1","3","3","5","5","10","","3","5","","","5","5","2","5","5","5","5","5","5","3","4","5","5","3","10 ","LinkedIn;YouTube;WhatsApp","Cadre et profession intellectuelle supérieure","36-40"
"2025/06/25 10:26:32 PM UTC+3","5","En groupe","Oui","1","1","5","","1","1","5","5","1","1","1","5","1","","0","2","2","2","2","4","1","5","5","","","100","LinkedIn","Cadre et profession intellectuelle supérieure","46-50","","","","","","","","","","","","","","","","","","","","","","","","","","","","","","","","","","","",""
"2025/06/25 10:26:45 PM UTC+3","5","En groupe","Non","","","","","","","","","","","","","","","","","","","","","","","","","","","","","","1","5","1","","1","1","1","1","2","2","2","1","7","","5","5","","","3","5","3","4","4","3","4","4","2","4","3","4","3","3","20 euros par mois","Facebook;LinkedIn;YouTube;WhatsApp","Cadre et profession intellectuelle supérieure","31-35"
"2025/06/25 10:26:52 PM UTC+3","1","En groupe","Non","","","","","","","","","","","","","","","","","","","","","","","","","","","","","","1","1","1","","1","1","1","1","5","5","1","1","3","","5","1","","","2","4","3","3","3","3","2","1","1","3","3","3","3","3","Je ne sais pas ","Instagram;Facebook;LinkedIn;WhatsApp","Artisan, commerçant, chef d'entreprise","46-50"
"2025/06/25 10:27:53 PM UTC+3","4","En groupe","Non","","","","","","","","","","","","","","","","","","","","","","","","","","","","","","1","4","1","","5","1","1","1","3","4","1","1","9","","5","4","","","4","4","3","5","5","5","5","5","2","2","4","3","3","3","Non","Instagram;TikTok","Etudiant","18-25"
"2025/06/25 10:28:12 PM UTC+3","4","En groupe","Oui","1","1","1","","1","1","3","3","1","1","2","3","3","","7","4","5","4","4","4","5","4","4","","","10","Instagram;Facebook;LinkedIn;WhatsApp","Cadre et profession intellectuelle supérieure","46-50","","","","","","","","","","","","","","","","","","","","","","","","","","","","","","","","","","","",""
"2025/06/25 10:28:17 PM UTC+3","3","Individuellement","Non","","","","","","","","","","","","","","","","","","","","","","","","","","","","","","1","4","1","","5","1","1","1","1","1","1","1","7","","4","5","","","5","3","5","5","5","3","5","5","3","3","4","5","5","4","5","Instagram;Snapchat;TikTok;LinkedIn;WhatsApp","Etudiant","18-25"
"2025/06/25 10:28:31 PM UTC+3","5","En groupe","Non","","","","","","","","","","","","","","","","","","","","","","","","","","","","","","1","5","1","","1","1","1","3","1","2","1","1","2","","4","4","","","4","3","4","4","4","4","4","4","4","3","4","5","3","3","25","LinkedIn;WhatsApp","Employé","41-45"
"2025/06/25 10:29:25 PM UTC+3","5","Individuellement","Oui","1","1","1","","1","1","1","4","1","1","1","1","2","","7","5","5","3","4","5","5","4","4","","","Gratuit","Instagram","Profession intermédiaire","46-50","","","","","","","","","","","","","","","","","","","","","","","","","","","","","","","","","","","",""
"2025/06/25 10:30:27 PM UTC+3","5","Individuellement","Non mais j’utilise mes outils de brainstorming","1","1","2","","1","1","3","3","1","1","1","4","5","","9","5","5","4","5","3","5","5","5","","","15€/mois","Instagram;Facebook;LinkedIn;WhatsApp","Cadre et profession intellectuelle supérieure","46-50","","","","","","","","","","","","","","","","","","","","","","","","","","","","","","","","","","","",""
"2025/06/25 10:30:49 PM UTC+3","5","En groupe","Non","","","","","","","","","","","","","","","","","","","","","","","","","","","","","","5","5","5","","5","1","1","1","5","5","1","3","10","","5","5","","","4","5","4","4","5","4","5","5","5","4","4","5","5","4","Tout dépendra du prix ","Instagram;LinkedIn;WhatsApp","Cadre et profession intellectuelle supérieure","46-50"
"2025/06/25 10:31:44 PM UTC+3","5","En groupe","Non","","","","","","","","","","","","","","","","","","","","","","","","","","","","","","1","1","1","","1","1","1","1","3","2","1","1","0","","1","5","","","5","3","4","4","4","5","4","5","4","4","4","5","4","4","15€","Instagram;Facebook;WhatsApp","Employé","46-50"
"2025/06/25 10:34:40 PM UTC+3","3","Individuellement","Non","","","","","","","","","","","","","","","","","","","","","","","","","","","","","","1","5","1","","1","1","1","1","1","1","1","1","0","","3","5","","","3","4","4","3","5","4","5","5","5","4","5","5","5","2","Gratuitement avec des options payantes","Instagram;Facebook;Snapchat","Employé","46-50"
"2025/06/25 10:35:59 PM UTC+3","5","En groupe","Non","","","","","","","","","","","","","","","","","","","","","","","","","","","","","","1","5","1","","2","1","1","2","2","2","2","1","8","","3","5","","","3","2","2","4","4","4","5","5","5","4","5","5","5","5","Aucune idée ","Instagram;LinkedIn;YouTube;WhatsApp;X","Cadre et profession intellectuelle supérieure","46-50"
"2025/06/25 10:37:37 PM UTC+3","5","Individuellement","Non","","","","","","","","","","","","","","","","","","","","","","","","","","","","","","1","2","1","","1","1","1","1","4","1","1","1","0","","4","5","","","3","2","3","4","3","3","3","5","4","3","5","5","5","4","Un abonnement ","Instagram;Facebook;LinkedIn;YouTube;WhatsApp","Cadre et profession intellectuelle supérieure","56 et plus"
"2025/06/25 10:38:08 PM UTC+3","5","En groupe","Non","","","","","","","","","","","","","","","","","","","","","","","","","","","","","","3","1","3","","1","1","4","5","5","2","1","1","5","","3","4","","","4","5","5","5","4","3","5","4","2","4","3","3","3","1","1000€","WhatsApp","Cadre et profession intellectuelle supérieure","56 et plus"
"2025/06/25 10:38:14 PM UTC+3","5","Individuellement","Non","","","","","","","","","","","","","","","","","","","","","","","","","","","","","","1","4","1","","3","1","2","1","4","4","2","1","7","","4","5","","","5","5","3","3","3","3","4","4","4","4","4","4","5","5","Une licence de 18 euros par mois","Instagram;Facebook;LinkedIn;WhatsApp","Profession intermédiaire","46-50"
"2025/06/25 10:40:16 PM UTC+3","1","Individuellement","Non","","","","","","","","","","","","","","","","","","","","","","","","","","","","","","1","2","1","","1","1","1","1","2","2","1","1","5","","3","4","","","3","4","3","3","3","3","3","3","3","3","3","3","3","3","Je ne sais pas ","Instagram;Snapchat;YouTube;WhatsApp","Artisan, commerçant, chef d'entreprise","46-50"
"2025/06/25 10:43:19 PM UTC+3","5","En groupe","Non","","","","","","","","","","","","","","","","","","","","","","","","","","","","","","1","5","1","","1","1","1","1","1","1","1","1","2","","4","4","","","4","4","5","5","4","3","5","5","5","4","5","5","5","5","Nsp","LinkedIn","Cadre et profession intellectuelle supérieure","51-55"
"2025/06/25 10:46:03 PM UTC+3","5","Individuellement","Non","","","","","","","","","","","","","","","","","","","","","","","","","","","","","","1","4","1","","1","1","1","1","3","2","3","1","7","","3","5","","","5","4","4","5","2","1","3","4","1","2","2","5","2","1","20€","Instagram;Facebook;WhatsApp","Cadre et profession intellectuelle supérieure","41-45"
"2025/06/25 10:46:51 PM UTC+3","5","En groupe","Non","","","","","","","","","","","","","","","","","","","","","","","","","","","","","","1","5","1","","3","1","1","1","3","1","1","1","3","","2","3","","","4","3","1","3","3","1","3","4","2","2","3","4","2","2","50","WhatsApp","Cadre et profession intellectuelle supérieure","31-35"
"2025/06/25 10:46:58 PM UTC+3","5","Individuellement","Non mais j’utilise mes outils de brainstorming","1","1","2","","1","1","2","5","1","1","1","2","3","","2","4","3","3","4","5","5","4","5","","","Usage professionnel, ce serait une application achetée par l’entreprise ","LinkedIn;WhatsApp","Cadre et profession intellectuelle supérieure","56 et plus","","","","","","","","","","","","","","","","","","","","","","","","","","","","","","","","","","","",""
"2025/06/25 10:47:06 PM UTC+3","5","En groupe","Non","","","","","","","","","","","","","","","","","","","","","","","","","","","","","","1","5","1","","3","1","1","1","2","1","1","1","5","","4","5","","","4","4","4","4","4","3","4","5","4","3","4","5","4","4","nsp","Instagram;LinkedIn;WhatsApp","Cadre et profession intellectuelle supérieure","46-50"
"2025/06/25 10:49:30 PM UTC+3","3","En groupe","Non mais j’utilise mes outils de brainstorming","2","3","3","","2","4","2","3","3","4","4","4","4","","5","3","3","4","4","3","3","3","4","","","550","Instagram;Facebook;Snapchat;LinkedIn","Artisan, commerçant, chef d'entreprise","36-40","","","","","","","","","","","","","","","","","","","","","","","","","","","","","","","","","","","",""
"2025/06/25 10:53:38 PM UTC+3","5","En groupe","Non mais j’utilise mes outils de brainstorming","1","1","4","","1","1","1","3","1","1","1","5","2","","3","5","5","3","4","3","4","5","5","","","30 par an","WhatsApp","Cadre et profession intellectuelle supérieure","46-50","","","","","","","","","","","","","","","","","","","","","","","","","","","","","","","","","","","",""
"2025/06/25 11:00:48 PM UTC+3","5","Individuellement","Non","","","","","","","","","","","","","","","","","","","","","","","","","","","","","","1","5","1","","1","1","1","1","1","2","1","1","1","","2","4","","","3","2","1","5","5","2","5","5","3","2","3","5","4","1","100€ la licence","Instagram;WhatsApp","Profession intermédiaire","31-35"
"2025/06/25 11:01:52 PM UTC+3","3","Individuellement","Oui et j’utilise aussi les outils de brainstorming","4","3","4","","5","4","2","5","1","3","4","4","4","","8","4","4","4","4","4","4","4","4","","","450","Facebook;Snapchat;TikTok","Employé","31-35","","","","","","","","","","","","","","","","","","","","","","","","","","","","","","","","","","","",""
"2025/06/25 11:02:15 PM UTC+3","3","Individuellement","Non","","","","","","","","","","","","","","","","","","","","","","","","","","","","","","1","2","1","","5","1","1","1","1","1","1","1","10","","3","5","","","3","3","4","5","5","3","4","4","3","2","5","5","3","5","10 par mois ","Instagram;Facebook;TikTok;LinkedIn;YouTube;WhatsApp","Profession intermédiaire","36-40"
"2025/06/25 11:03:51 PM UTC+3","3","Individuellement","Non","","","","","","","","","","","","","","","","","","","","","","","","","","","","","","1","3","1","","1","1","1","1","1","1","1","1","2","","3","5","","","5","4","3","5","5","5","5","5","4","4","5","5","3","5","30","Instagram;WhatsApp","Employé","31-35"
"2025/06/25 11:07:53 PM UTC+3","5","En groupe","Non","","","","","","","","","","","","","","","","","","","","","","","","","","","","","","1","5","1","","1","1","1","1","1","2","2","1","4","","3","5","","","3","4","3","4","4","3","4","4","4","4","4","5","3","3","Xx","Instagram;Facebook;LinkedIn;WhatsApp","Cadre et profession intellectuelle supérieure","46-50"
"2025/06/25 11:09:51 PM UTC+3","5","En groupe","Oui","1","3","3","","1","1","4","4","3","1","1","3","4","","8","5","4","4","4","3","5","4","5","","","10 par mois","LinkedIn;WhatsApp","Cadre et profession intellectuelle supérieure","51-55","","","","","","","","","","","","","","","","","","","","","","","","","","","","","","","","","","","",""
"2025/06/25 11:11:32 PM UTC+3","5","En groupe","Non","","","","","","","","","","","","","","","","","","","","","","","","","","","","","","1","4","1","","2","1","1","1","4","4","2","1","4","","4","5","","","5","5","3","4","4","4","5","5","5","5","5","5","5","5","Je ne sais pas ","Instagram;LinkedIn;WhatsApp","Artisan, commerçant, chef d'entreprise","46-50"
"2025/06/25 11:21:17 PM UTC+3","5","Individuellement","Non","","","","","","","","","","","","","","","","","","","","","","","","","","","","","","1","1","1","","1","1","1","1","5","1","1","1","0","","1","5","","","4","4","4","3","4","2","5","5","3","3","3","5","1","1","0","Instagram;Facebook;LinkedIn;WhatsApp","Employé","46-50"
"2025/06/25 11:21:28 PM UTC+3","5","Individuellement","Non","","","","","","","","","","","","","","","","","","","","","","","","","","","","","","2","5","1","","2","1","1","1","2","2","2","1","7","","3","5","","","4","4","4","4","3","2","4","4","4","4","3","5","5","4","5 euros ","Instagram;LinkedIn","Cadre et profession intellectuelle supérieure","46-50"
"2025/06/25 11:21:55 PM UTC+3","5","En groupe","Oui","3","1","1","","3","1","1","5","4","1","3","4","5","","10","4","3","3","5","4","5","2","4","","","15 euros par mois","Instagram;LinkedIn;YouTube;WhatsApp;X","Cadre et profession intellectuelle supérieure","36-40","","","","","","","","","","","","","","","","","","","","","","","","","","","","","","","","","","","",""
"2025/06/25 11:23:32 PM UTC+3","5","En groupe","Oui","1","1","1","","1","1","1","1","1","3","3","1","2","","10","5","5","2","5","3","5","5","5","","","20€/mois","Instagram;LinkedIn;YouTube;WhatsApp","Cadre et profession intellectuelle supérieure","36-40","","","","","","","","","","","","","","","","","","","","","","","","","","","","","","","","","","","",""
"2025/06/25 11:25:01 PM UTC+3","5","En groupe","Non mais j’utilise mes outils de brainstorming","1","1","1","","1","1","1","3","1","1","1","1","1","","9","5","4","4","5","5","5","3","4","","","0","LinkedIn;WhatsApp","Cadre et profession intellectuelle supérieure","46-50","","","","","","","","","","","","","","","","","","","","","","","","","","","","","","","","","","","",""
"2025/06/25 11:30:08 PM UTC+3","5","En groupe","Non","","","","","","","","","","","","","","","","","","","","","","","","","","","","","","1","1","1","","1","1","1","1","2","1","1","5","4","","1","1","","","1","1","1","1","1","1","1","1","1","1","1","1","1","1","0","Aucun","Artisan, commerçant, chef d'entreprise","36-40"
"2025/06/25 11:32:32 PM UTC+3","5","Individuellement","Non","","","","","","","","","","","","","","","","","","","","","","","","","","","","","","1","2","1","","2","1","1","1","1","5","1","1","7","","3","4","","","4","5","2","4","4","3","4","4","2","2","2","5","2","3","15€ par mois ","Instagram","Cadre et profession intellectuelle supérieure","41-45"
"2025/06/25 11:39:39 PM UTC+3","3","En groupe","Non","","","","","","","","","","","","","","","","","","","","","","","","","","","","","","1","5","1","","1","1","1","1","1","2","1","1","3","","4","4","","","3","4","4","3","3","3","3","4","4","4","4","4","4","3","1000","Instagram","Employé","36-40"
"2025/06/25 11:41:08 PM UTC+3","1","En groupe","Non","","","","","","","","","","","","","","","","","","","","","","","","","","","","","","1","3","1","","1","1","1","5","4","4","1","1","1","","1","3","","","3","3","3","3","3","2","2","2","2","2","2","2","2","1","2","Instagram;Facebook;YouTube;WhatsApp;X","Employé","46-50"
"2025/06/25 11:44:17 PM UTC+3","5","En groupe","Non","","","","","","","","","","","","","","","","","","","","","","","","","","","","","","1","5","1","","5","1","1","1","5","1","4","1","3","","5","5","","","5","4","5","5","5","5","5","5","3","5","5","5","4","4","Une centaine d’euros par mois ","LinkedIn","Cadre et profession intellectuelle supérieure","41-45"
"2025/06/26 12:04:37 AM UTC+3","5","Individuellement","Oui et j’utilise aussi les outils de brainstorming","1","4","3","","1","2","4","3","1","1","1","5","4","","7","5","3","3","3","4","5","5","4","","","0","Instagram;Snapchat;TikTok;LinkedIn;WhatsApp","Etudiant","18-25","","","","","","","","","","","","","","","","","","","","","","","","","","","","","","","","","","","",""
"2025/06/26 12:04:42 AM UTC+3","4","En groupe","Non","","","","","","","","","","","","","","","","","","","","","","","","","","","","","","1","2","1","","5","1","1","1","2","2","1","1","3","","3","5","","","3","3","2","4","2","4","4","5","4","3","4","5","3","4","15€","Instagram;WhatsApp","Cadre et profession intellectuelle supérieure","41-45"
"2025/06/26 12:08:52 AM UTC+3","5","Individuellement","Non","","","","","","","","","","","","","","","","","","","","","","","","","","","","","","1","1","1","","5","1","1","1","1","1","1","1","8","","2","5","","","2","3","2","4","2","4","4","5","4","1","2","5","2","4","10","Instagram;YouTube;WhatsApp","Employé","36-40"
"2025/06/26 12:09:05 AM UTC+3","4","En groupe","Non","","","","","","","","","","","","","","","","","","","","","","","","","","","","","","1","5","1","","1","1","1","2","2","2","2","1","8","","3","4","","","4","3","4","4","4","3","3","4","4","4","4","5","4","2","Peu d’idées des coûts des outils numériques professionnels ","WhatsApp","Cadre et profession intellectuelle supérieure","41-45"
"2025/06/26 12:35:50 AM UTC+3","5","En groupe","Non","","","","","","","","","","","","","","","","","","","","","","","","","","","","","","1","5","1","","4","1","1","1","1","3","1","1","4","","3","5","","","5","3","3","4","4","3","5","5","3","5","3","4","4","3","20","WhatsApp","Artisan, commerçant, chef d'entreprise","41-45"
"2025/06/26 12:37:03 AM UTC+3","1","Individuellement","Non","","","","","","","","","","","","","","","","","","","","","","","","","","","","","","1","1","1","","3","1","1","1","3","1","1","1","7","","1","5","","","1","3","3","5","1","1","1","5","3","3","5","5","5","5","0","Instagram;Facebook;X","Artisan, commerçant, chef d'entreprise","51-55"
"2025/06/26 12:38:39 AM UTC+3","5","En groupe","Oui et j’utilise aussi les outils de brainstorming","1","1","1","","1","1","1","2","1","5","1","3","3","","7","4","5","4","3","2","5","5","5","","","60€/an","Instagram;Snapchat;TikTok;YouTube;WhatsApp","Etudiant","18-25","","","","","","","","","","","","","","","","","","","","","","","","","","","","","","","","","","","",""
"2025/06/26 12:49:06 AM UTC+3","1","Individuellement","Non","","","","","","","","","","","","","","","","","","","","","","","","","","","","","","1","1","1","","3","1","1","1","2","1","1","1","6","","3","5","","","4","5","3","3","5","4","4","4","4","2","3","5","3","5","0","Snapchat","Artisan, commerçant, chef d'entreprise","18-25"
"2025/06/26 12:49:59 AM UTC+3","5","En groupe","Oui","1","1","3","","1","1","1","5","5","2","1","3","2","","5","4","4","5","5","3","5","5","5","","","Selon les offres différentes et modalités , après, le choix sera possible ","Instagram;LinkedIn;YouTube;WhatsApp","Cadre et profession intellectuelle supérieure","46-50","","","","","","","","","","","","","","","","","","","","","","","","","","","","","","","","","","","",""
"2025/06/26 12:52:14 AM UTC+3","5","En groupe","Non","","","","","","","","","","","","","","","","","","","","","","","","","","","","","","2","5","1","","5","1","2","2","3","4","5","5","10","","4","5","","","4","3","3","4","4","5","4","5","4","4","3","5","3","2","5€/mois","Instagram;TikTok","Etudiant","18-25"
"2025/06/26 12:54:56 AM UTC+3","5","En groupe","Non","","","","","","","","","","","","","","","","","","","","","","","","","","","","","","1","5","1","","3","1","1","1","3","4","1","1","3","","5","5","","","5","3","5","5","5","1","3","5","3","1","5","5","3","5","100€/an","LinkedIn;WhatsApp","Cadre et profession intellectuelle supérieure","46-50"
"2025/06/26 12:55:18 AM UTC+3","5","En groupe","Non","","","","","","","","","","","","","","","","","","","","","","","","","","","","","","3","5","1","","1","1","1","1","2","2","1","1","3","","4","5","","","5","5","5","5","4","3","5","5","5","3","5","5","5","1","50€","LinkedIn","Cadre et profession intellectuelle supérieure","56 et plus"
"2025/06/26 1:02:52 AM UTC+3","5","En groupe","Non","","","","","","","","","","","","","","","","","","","","","","","","","","","","","","1","5","1","","1","1","1","1","1","1","1","1","0","","1","2","","","2","1","1","1","5","1","2","1","1","1","1","5","2","2","0","Facebook","Cadre et profession intellectuelle supérieure","41-45"
"2025/06/26 1:06:17 AM UTC+3","5","En groupe","Non","","","","","","","","","","","","","","","","","","","","","","","","","","","","","","1","5","1","","1","1","1","1","1","1","1","1","1","","5","5","","","5","5","5","5","5","5","5","5","1","5","5","5","5","5","50€ par an","Instagram;LinkedIn;WhatsApp","Cadre et profession intellectuelle supérieure","41-45"
"2025/06/26 1:22:25 AM UTC+3","5","Individuellement","Non","","","","","","","","","","","","","","","","","","","","","","","","","","","","","","5","1","1","","4","1","1","1","2","2","1","1","5","","1","5","","","5","5","2","4","3","4","4","4","5","3","5","5","5","3","non","Instagram;Snapchat;TikTok;LinkedIn;YouTube;WhatsApp","Employé","18-25"
"2025/06/26 1:33:56 AM UTC+3","5","En groupe","Non","","","","","","","","","","","","","","","","","","","","","","","","","","","","","","1","5","1","","1","1","1","3","4","1","1","1","7","","4","4","","","4","4","4","4","4","4","4","4","4","4","4","5","4","4","100","WhatsApp","Cadre et profession intellectuelle supérieure","51-55"
"2025/06/26 1:39:09 AM UTC+3","5","En groupe","Non mais j’utilise mes outils de brainstorming","1","1","1","","1","1","1","2","1","1","1","1","1","","4","5","4","4","4","1","5","4","4","","","300","LinkedIn;WhatsApp","Cadre et profession intellectuelle supérieure","41-45","","","","","","","","","","","","","","","","","","","","","","","","","","","","","","","","","","","",""
"2025/06/26 2:02:42 AM UTC+3","5","Individuellement","Non mais j’utilise mes outils de brainstorming","1","1","1","","1","1","1","3","4","1","1","5","3","","9","5","5","5","3","3","5","3","5","","","15 euros ","Instagram","Cadre et profession intellectuelle supérieure","41-45","","","","","","","","","","","","","","","","","","","","","","","","","","","","","","","","","","","",""
"2025/06/26 7:11:35 AM UTC+3","5","En groupe","Non","","","","","","","","","","","","","","","","","","","","","","","","","","","","","","1","5","1","","1","1","1","1","3","3","1","1","10","","5","5","","","5","5","5","5","5","5","5","5","5","5","5","5","5","5","15€/mois en abonnement ","Instagram;LinkedIn;YouTube;WhatsApp","Profession intermédiaire","46-50"
"2025/06/26 9:08:34 AM UTC+3","5","Individuellement","Non mais j’utilise mes outils de brainstorming","5","5","5","","5","5","5","5","5","5","5","5","5","","10","5","5","5","5","5","5","5","5","","","6","Instagram;Facebook;YouTube","Ouvrier","56 et plus","","","","","","","","","","","","","","","","","","","","","","","","","","","","","","","","","","","",""
"2025/06/26 9:11:25 AM UTC+3","5","Individuellement","Non mais j’utilise mes outils de brainstorming","5","5","5","","5","5","5","5","5","5","5","5","5","","10","5","5","5","5","5","5","5","4","","","6","Instagram;Facebook;YouTube","Ouvrier","56 et plus","","","","","","","","","","","","","","","","","","","","","","","","","","","","","","","","","","","",""
"2025/06/26 9:14:09 AM UTC+3","5","En groupe","Non","","","","","","","","","","","","","","","","","","","","","","","","","","","","","","1","5","1","","1","1","1","1","2","2","1","1","5","","5","5","","","5","5","4","5","5","3","5","5","5","4","5","5","5","5","0€","Instagram;Facebook;YouTube;WhatsApp","Cadre et profession intellectuelle supérieure","56 et plus"
"2025/06/26 10:08:31 AM UTC+3","5","En groupe","Non","","","","","","","","","","","","","","","","","","","","","","","","","","","","","","1","4","1","","1","1","1","2","4","3","1","1","8","","3","5","","","5","4","4","3","4","3","3","4","4","4","4","5","4","4","150","Instagram;Facebook;LinkedIn;WhatsApp","Cadre et profession intellectuelle supérieure","51-55"
"2025/06/26 10:37:33 AM UTC+3","3","Individuellement","Non","","","","","","","","","","","","","","","","","","","","","","","","","","","","","","1","3","1","","3","1","1","2","2","2","1","2","6","","4","5","","","3","3","2","4","2","4","5","5","4","4","2","5","4","2","30/mois","Instagram;Snapchat;TikTok","Etudiant","18-25"
"2025/06/26 10:44:42 AM UTC+3","5","En groupe","Non","","","","","","","","","","","","","","","","","","","","","","","","","","","","","","1","4","1","","1","1","1","1","1","1","1","1","1","","4","5","","","5","3","5","4","5","3","4","5","2","2","1","5","5","4","100","LinkedIn","Cadre et profession intellectuelle supérieure","41-45"
"2025/06/26 10:52:55 AM UTC+3","5","En groupe","Non","","","","","","","","","","","","","","","","","","","","","","","","","","","","","","2","5","2","","1","1","1","3","2","1","1","1","1","","2","5","","","3","3","1","1","4","2","2","2","2","2","1","5","5","2","20€ par mois","Facebook;YouTube;WhatsApp","Cadre et profession intellectuelle supérieure","46-50"
"2025/06/26 11:03:04 AM UTC+3","5","Individuellement","Non","","","","","","","","","","","","","","","","","","","","","","","","","","","","","","1","5","1","","1","1","1","1","1","1","1","1","0","","1","5","","","5","3","5","5","5","3","5","5","5","5","3","5","5","5","Aucune idée","Instagram;YouTube;WhatsApp","Profession intermédiaire","51-55"
"2025/06/26 11:16:17 AM UTC+3","5","En groupe","Oui et j’utilise aussi les outils de brainstorming","1","1","1","","1","1","3","1","4","3","1","1","5","","0","1","1","1","1","3","5","3","5","5","3","Dépend du mode de licence (par utilisateur ou entreprise). Grosse entreprise mois de 5€/mois par user. PME 15€/mois. L usage pouvant être très limité dans le temps, mensuel résiliable ","LinkedIn;WhatsApp","Cadre et profession intellectuelle supérieure","51-55","","","","","","","","","","","","","","","","","","","","","","","","","","","","","","","","","","","",""
"2025/06/26 11:36:15 AM UTC+3","5","Individuellement","Non","","","","","","","","","","","","","","","","","","","","","","","","","","","","","","1","1","1","1","3","1","1","1","3","1","1","1","6","","5","5","4","4","4","3","4","4","4","4","4","4","4","4","4","5","4","4","5 €","Instagram;Facebook;Snapchat;TikTok;LinkedIn;WhatsApp","Employé","46-50"
"2025/06/26 11:41:32 AM UTC+3","5","En groupe","Non mais j’utilise mes outils de brainstorming","1","1","1","2","2","2","2","3","2","2","2","2","4","4","7","4","3","1","2","2","5","5","5","5","5","5€","Instagram;TikTok;LinkedIn;WhatsApp","Cadre et profession intellectuelle supérieure","31-35","","","","","","","","","","","","","","","","","","","","","","","","","","","","","","","","","","","",""
"2025/06/26 11:42:52 AM UTC+3","1","Individuellement","Non","","","","","","","","","","","","","","","","","","","","","","","","","","","","","","1","1","1","1","4","1","1","1","1","3","1","1","5","5","3","5","5","4","5","5","5","5","5","5","5","5","5","5","5","5","5","5","0€","YouTube;WhatsApp","Etudiant","18-25"
"2025/06/26 11:47:04 AM UTC+3","5","En groupe","Non","","","","","","","","","","","","","","","","","","","","","","","","","","","","","","1","2","1","1","1","1","1","1","1","1","2","1","10","4","5","4","3","4","3","4","3","4","4","3","4","4","3","4","5","5","3","3","20€","Instagram;Snapchat;TikTok","Etudiant","18-25"
"2025/06/26 11:54:57 AM UTC+3","4","Individuellement","Non","","","","","","","","","","","","","","","","","","","","","","","","","","","","","","1","3","1","1","5","1","2","1","2","2","1","1","6","3","2","5","3","4","3","3","2","2","4","3","2","5","5","2","2","2","2","3","0","Instagram;Snapchat;TikTok","Cadre et profession intellectuelle supérieure","18-25"
"2025/06/26 11:59:31 AM UTC+3","1","Individuellement","Non","","","","","","","","","","","","","","","","","","","","","","","","","","","","","","1","1","1","1","1","1","1","1","2","1","1","1","1","1","1","5","3","3","3","3","3","3","3","3","3","5","3","3","5","5","5","5","0","Snapchat;YouTube;WhatsApp","Cadre et profession intellectuelle supérieure","36-40"
"2025/06/26 12:28:12 PM UTC+3","1","Individuellement","Non","","","","","","","","","","","","","","","","","","","","","","","","","","","","","","1","1","1","1","5","1","1","1","3","1","3","1","8","4","3","1","1","2","2","1","1","1","3","1","3","3","3","1","3","5","5","2","10€","Instagram;Snapchat;TikTok","Etudiant","18-25"
"2025/06/26 12:29:17 PM UTC+3","3","En groupe","Non","","","","","","","","","","","","","","","","","","","","","","","","","","","","","","1","2","1","1","5","1","1","1","5","1","1","1","10","5","5","4","5","5","5","5","5","5","5","5","5","5","5","5","5","5","5","5","3,99","Instagram;Snapchat;TikTok;YouTube","Etudiant","18-25"
"2025/06/26 12:29:35 PM UTC+3","5","Individuellement;En groupe","Non","","","","","","","","","","","","","","","","","","","","","","","","","","","","","","5","5","1","1","5","1","1","4","5","5","3","1","8","4","5","5","5","5","5","5","5","5","5","5","5","5","5","3","5","5","5","5","1500","Instagram;Snapchat;TikTok;LinkedIn;YouTube;WhatsApp;X","Etudiant","18-25"
"2025/06/26 12:29:38 PM UTC+3","3","En groupe","Non","","","","","","","","","","","","","","","","","","","","","","","","","","","","","","1","1","1","1","5","1","1","1","5","1","1","1","7","3","2","2","3","3","3","3","3","3","3","3","3","2","2","2","2","3","3","3","5","Snapchat","Etudiant","18-25"
"2025/06/26 12:30:48 PM UTC+3","4","En groupe","Non","","","","","","","","","","","","","","","","","","","","","","","","","","","","","","1","1","1","1","5","1","1","1","1","1","1","1","4","4","5","5","5","5","5","5","5","5","5","5","5","5","5","4","5","5","4","5","30 €/mois ","Instagram;Snapchat;TikTok;YouTube;WhatsApp","Etudiant","18-25"
"2025/06/26 12:32:12 PM UTC+3","2","Individuellement","Non","","","","","","","","","","","","","","","","","","","","","","","","","","","","","","1","1","1","1","5","1","1","1","5","1","1","1","5","3","3","5","5","5","5","4","5","5","3","5","5","5","5","3","5","5","5","5","Je ne sais pas ","Instagram;Snapchat","Etudiant","18-25"
"2025/06/26 12:32:42 PM UTC+3","5","En groupe","Oui","1","3","1","1","1","1","5","3","1","1","1","5","4","5","10","5","5","5","5","5","5","5","5","5","5","15","Instagram;Snapchat;TikTok;YouTube","Etudiant","18-25","","","","","","","","","","","","","","","","","","","","","","","","","","","","","","","","","","","",""
"2025/06/26 12:33:21 PM UTC+3","2","Individuellement","Non","","","","","","","","","","","","","","","","","","","","","","","","","","","","","","1","1","1","1","4","1","1","1","2","2","1","1","7","4","4","5","5","5","4","4","3","4","4","5","5","5","5","4","4","5","4","4","20 - 25 € par mois ","Snapchat;TikTok","Etudiant","18-25"
"2025/06/26 12:33:28 PM UTC+3","5","Individuellement","Non","","","","","","","","","","","","","","","","","","","","","","","","","","","","","","1","3","1","1","5","1","1","1","5","1","1","1","6","5","5","5","4","4","3","3","4","4","5","5","4","5","5","3","5","5","4","3","Pas plus de 15€ par mois","Instagram;TikTok;LinkedIn;WhatsApp","Etudiant","18-25"
"2025/06/26 12:34:29 PM UTC+3","2","Individuellement","Non","","","","","","","","","","","","","","","","","","","","","","","","","","","","","","1","5","1","1","5","1","3","2","5","5","1","1","7","2","3","3","4","4","3","5","4","4","4","4","4","4","4","2","5","5","4","4","20€","Instagram","Etudiant","18-25"
"2025/06/26 12:37:18 PM UTC+3","3","Individuellement","Non","","","","","","","","","","","","","","","","","","","","","","","","","","","","","","1","5","1","1","5","1","1","1","5","5","5","2","9","4","2","5","5","5","5","4","4","5","3","3","5","5","5","3","5","5","5","5","12,99","Instagram;Snapchat;TikTok;LinkedIn;YouTube","Etudiant","18-25"
"2025/06/26 12:38:41 PM UTC+3","5","Individuellement","Non","","","","","","","","","","","","","","","","","","","","","","","","","","","","","","1","3","1","1","4","1","1","1","4","2","1","1","4","3","3","3","5","5","4","4","4","4","4","4","4","4","4","4","4","4","4","4","0","Snapchat","Etudiant","18-25"
"2025/06/26 12:55:09 PM UTC+3","4","En groupe","Non mais j’utilise mes outils de brainstorming","1","1","1","1","1","1","1","5","1","1","1","5","5","4","10","1","5","2","3","3","5","5","5","5","5","1€","Snapchat","Etudiant","18-25","","","","","","","","","","","","","","","","","","","","","","","","","","","","","","","","","","","",""
"2025/06/26 12:56:26 PM UTC+3","5","En groupe","Non mais j’utilise mes outils de brainstorming","1","1","1","1","1","1","1","5","5","3","1","5","5","3","10","5","5","3","5","1","5","1","5","5","5","10 euros par mois","Instagram;Snapchat;TikTok","Etudiant","18-25","","","","","","","","","","","","","","","","","","","","","","","","","","","","","","","","","","","",""
"2025/06/26 12:59:03 PM UTC+3","4","Individuellement;En groupe","Non","","","","","","","","","","","","","","","","","","","","","","","","","","","","","","1","5","1","1","5","1","1","1","4","1","1","1","6","3","5","5","3","4","5","4","4","5","4","3","4","5","3","3","4","4","5","3","6€/mois","Snapchat;TikTok","Employé","18-25"
"2025/06/26 1:21:18 PM UTC+3","3","Individuellement","Non","","","","","","","","","","","","","","","","","","","","","","","","","","","","","","1","5","1","1","5","1","1","1","5","1","1","1","6","2","4","5","4","5","5","5","4","5","5","5","5","5","5","4","5","5","5","3","15","Snapchat;TikTok","Etudiant","18-25"
"2025/06/26 1:24:33 PM UTC+3","5","En groupe","Non","","","","","","","","","","","","","","","","","","","","","","","","","","","","","","1","3","1","1","5","1","1","1","5","2","3","1","6","4","4","5","4","4","4","4","3","3","4","3","4","5","5","5","5","5","4","4","20","Instagram;Snapchat;TikTok;LinkedIn;YouTube;WhatsApp;X","Etudiant","18-25"
"2025/06/26 1:45:46 PM UTC+3","5","Individuellement","Non","","","","","","","","","","","","","","","","","","","","","","","","","","","","","","1","5","1","1","3","1","1","1","3","1","1","1","6","3","5","5","5","5","5","5","3","5","5","5","5","5","5","5","5","5","5","5","Non ","Instagram;Snapchat;TikTok","Etudiant","18-25"
"2025/06/26 1:50:20 PM UTC+3","4","En groupe","Oui","1","1","3","5","1","1","1","5","3","1","1","4","5","4","9","5","5","4","5","3","5","5","5","4","4","10€ par mois ","Instagram;WhatsApp","Artisan, commerçant, chef d'entreprise","46-50","","","","","","","","","","","","","","","","","","","","","","","","","","","","","","","","","","","",""
"2025/06/26 1:57:23 PM UTC+3","3","Individuellement","Non","","","","","","","","","","","","","","","","","","","","","","","","","","","","","","1","1","1","1","2","1","1","1","3","2","1","1","3","3","4","2","2","2","3","2","3","3","3","3","2","3","3","3","3","2","2","3","20","Snapchat","Etudiant","18-25"
"2025/06/26 2:04:22 PM UTC+3","5","Individuellement","Non","","","","","","","","","","","","","","","","","","","","","","","","","","","","","","5","3","5","1","2","1","1","1","1","5","5","5","4","3","4","5","2","2","5","3","3","5","5","4","5","5","4","2","4","5","5","3","100€ par mois ","Instagram;Facebook;LinkedIn;YouTube;WhatsApp","Cadre et profession intellectuelle supérieure","41-45"
"2025/06/26 2:05:43 PM UTC+3","5","En groupe","Non","","","","","","","","","","","","","","","","","","","","","","","","","","","","","","1","5","1","1","3","1","1","1","1","1","1","1","2","2","3","4","2","2","4","3","5","5","5","3","4","5","3","4","5","5","4","3","Variable","Facebook;LinkedIn;WhatsApp","Cadre et profession intellectuelle supérieure","51-55"
"2025/06/26 2:06:22 PM UTC+3","5","En groupe","Oui et j’utilise aussi les outils de brainstorming","1","2","3","2","1","5","5","4","2","3","1","1","1","1","5","3","3","2","4","5","1","1","5","4","4","100€","WhatsApp","Ouvrier","51-55","","","","","","","","","","","","","","","","","","","","","","","","","","","","","","","","","","","",""
"2025/06/26 2:08:15 PM UTC+3","5","Individuellement","Non mais j’utilise mes outils de brainstorming","1","1","1","1","1","1","3","5","5","1","1","2","1","1","0","5","5","3","3","4","5","5","5","1","2","0","Facebook;LinkedIn;WhatsApp","Cadre et profession intellectuelle supérieure","41-45","","","","","","","","","","","","","","","","","","","","","","","","","","","","","","","","","","","",""
"2025/06/26 2:08:46 PM UTC+3","5","En groupe","Non","","","","","","","","","","","","","","","","","","","","","","","","","","","","","","5","1","1","2","1","1","1","1","5","5","1","1","10","5","2","5","1","1","5","5","5","5","5","3","5","5","5","3","3","3","4","4","40€ par utilisateur et par mois ","X","Cadre et profession intellectuelle supérieure","36-40"
"2025/06/26 2:09:40 PM UTC+3","4","Individuellement","Non","","","","","","","","","","","","","","","","","","","","","","","","","","","","","","5","5","1","1","2","1","1","1","3","1","3","1","4","3","1","5","3","3","3","4","4","5","3","3","4","5","4","4","5","4","4","3","Qq euros","Instagram;LinkedIn","Cadre et profession intellectuelle supérieure","51-55"
"2025/06/26 2:10:10 PM UTC+3","5","Individuellement","Non","","","","","","","","","","","","","","","","","","","","","","","","","","","","","","1","4","1","1","4","1","1","3","5","1","1","1","5","2","5","5","5","5","5","5","4","5","5","5","5","5","5","5","5","5","5","4","50 ","Instagram;YouTube;WhatsApp","Artisan, commerçant, chef d'entreprise","26-30"
"2025/06/26 2:10:42 PM UTC+3","5","En groupe","Non mais j’utilise mes outils de brainstorming","1","1","5","2","1","5","1","3","2","1","1","3","5","3","2","5","3","5","1","3","5","5","5","3","5","5 euros PAR MOIS","LinkedIn","Cadre et profession intellectuelle supérieure","56 et plus","","","","","","","","","","","","","","","","","","","","","","","","","","","","","","","","","","","",""
"2025/06/26 2:11:49 PM UTC+3","5","Individuellement","Non mais j’utilise mes outils de brainstorming","1","1","1","4","1","1","1","1","1","1","1","1","2","2","5","5","5","3","5","4","5","5","5","5","5","0€","Facebook","Cadre et profession intellectuelle supérieure","41-45","","","","","","","","","","","","","","","","","","","","","","","","","","","","","","","","","","","",""
"2025/06/26 2:11:56 PM UTC+3","4","Individuellement","Non","","","","","","","","","","","","","","","","","","","","","","","","","","","","","","1","4","2","1","5","3","2","2","4","3","1","1","8","3","1","5","5","3","4","3","3","4","3","2","5","5","3","2","4","5","2","4","15","Snapchat","Etudiant","18-25"
"2025/06/26 2:14:05 PM UTC+3","4","Individuellement","Oui","1","1","1","1","1","1","1","2","1","1","1","2","1","3","3","3","3","3","3","3","5","2","3","3","3","Un minimum ","Instagram","Employé","41-45","","","","","","","","","","","","","","","","","","","","","","","","","","","","","","","","","","","",""
"2025/06/26 2:14:24 PM UTC+3","5","En groupe","Non","","","","","","","","","","","","","","","","","","","","","","","","","","","","","","1","5","1","1","4","1","3","1","2","3","1","3","7","4","1","5","3","3","1","4","4","5","5","5","5","5","4","4","1","5","4","5","0","Instagram;LinkedIn","Cadre et profession intellectuelle supérieure","26-30"
"2025/06/26 2:14:35 PM UTC+3","5","En groupe","Non","","","","","","","","","","","","","","","","","","","","","","","","","","","","","","1","5","1","1","1","1","1","1","1","2","1","1","6","1","3","5","1","4","5","3","3","5","4","3","4","5","4","5","5","5","5","2","20€ par mois","Instagram;LinkedIn;YouTube;WhatsApp","Cadre et profession intellectuelle supérieure","51-55"
"2025/06/26 2:16:18 PM UTC+3","5","En groupe","Oui","3","1","1","1","1","1","1","5","4","5","1","5","3","3","4","4","5","3","4","3","5","5","5","3","4","100€","LinkedIn;YouTube;WhatsApp","Artisan, commerçant, chef d'entreprise","46-50","","","","","","","","","","","","","","","","","","","","","","","","","","","","","","","","","","","",""
"2025/06/26 2:17:39 PM UTC+3","5","En groupe","Non","","","","","","","","","","","","","","","","","","","","","","","","","","","","","","1","3","1","2","1","1","1","1","2","3","1","1","7","3","5","5","3","4","3","4","3","3","4","2","4","4","4","4","4","5","5","4","Je ne sais pas","Instagram;Facebook;WhatsApp","Cadre et profession intellectuelle supérieure","56 et plus"
"2025/06/26 2:18:42 PM UTC+3","5","Individuellement","Oui","1","1","1","3","1","1","1","1","3","3","1","1","2","4","7","5","5","3","2","2","1","1","3","1","1","20€\an","Instagram;Facebook;LinkedIn;WhatsApp","Cadre et profession intellectuelle supérieure","26-30","","","","","","","","","","","","","","","","","","","","","","","","","","","","","","","","","","","",""
"2025/06/26 2:19:22 PM UTC+3","5","En groupe","Non","","","","","","","","","","","","","","","","","","","","","","","","","","","","","","2","2","5","1","3","1","1","1","5","3","4","1","9","4","4","3","2","2","5","2","4","4","4","3","5","5","4","3","4","4","2","4"," 40€/mois/user","Instagram;Facebook;WhatsApp","Artisan, commerçant, chef d'entreprise","51-55"
"2025/06/26 2:19:43 PM UTC+3","5","Individuellement","Non","","","","","","","","","","","","","","","","","","","","","","","","","","","","","","1","5","1","1","5","1","1","1","5","5","1","1","5","3","5","3","3","2","3","3","2","3","2","2","3","4","3","4","4","4","5","4","200€","Instagram;Snapchat;TikTok;YouTube;WhatsApp","Etudiant","18-25"
"2025/06/26 2:21:55 PM UTC+3","5","Individuellement","Oui","1","1","1","3","1","1","1","2","1","1","1","1","2","2","4","5","5","4","5","3","5","5","4","4","4","50","Instagram","Cadre et profession intellectuelle supérieure","31-35","","","","","","","","","","","","","","","","","","","","","","","","","","","","","","","","","","","",""
"2025/06/26 2:23:11 PM UTC+3","5","En groupe","Oui","1","1","1","5","1","1","1","1","2","1","1","1","5","4","8","5","4","4","5","4","5","5","3","3","4","5 € mois ","LinkedIn","Employé","31-35","","","","","","","","","","","","","","","","","","","","","","","","","","","","","","","","","","","",""
"2025/06/26 2:26:28 PM UTC+3","5","En groupe","Non mais j’utilise mes outils de brainstorming","1","1","1","3","1","1","3","2","2","1","1","1","4","2","8","4","4","1","2","2","5","1","3","2","3","Aucune idée ","Instagram;LinkedIn;YouTube;WhatsApp","Cadre et profession intellectuelle supérieure","41-45","","","","","","","","","","","","","","","","","","","","","","","","","","","","","","","","","","","",""
"2025/06/26 2:30:54 PM UTC+3","5","En groupe","Oui et j’utilise aussi les outils de brainstorming","1","1","1","4","1","1","3","2","3","1","1","1","2","2","6","5","4","3","4","4","4","5","4","4","3","10","Instagram;Facebook;WhatsApp","Cadre et profession intellectuelle supérieure","31-35","","","","","","","","","","","","","","","","","","","","","","","","","","","","","","","","","","","",""
"2025/06/26 2:34:00 PM UTC+3","5","En groupe","Non mais j’utilise mes outils de brainstorming","1","1","1","1","1","1","1","1","1","1","1","1","2","2","5","4","4","3","3","2","5","4","5","5","5","50€","Instagram;Facebook;WhatsApp","Cadre et profession intellectuelle supérieure","51-55","","","","","","","","","","","","","","","","","","","","","","","","","","","","","","","","","","","",""
"2025/06/26 2:35:48 PM UTC+3","2","En groupe","Non","","","","","","","","","","","","","","","","","","","","","","","","","","","","","","1","3","1","1","4","1","1","1","2","2","1","1","10","4","3","5","5","5","4","5","4","5","2","5","5","5","5","2","5","5","2","5","19,99€","Instagram;Snapchat;TikTok;WhatsApp","Etudiant","18-25"
"2025/06/26 2:36:36 PM UTC+3","5","Individuellement","Non","","","","","","","","","","","","","","","","","","","","","","","","","","","","","","1","2","1","1","4","1","1","1","3","1","1","1","1","3","2","5","5","4","2","2","5","5","3","2","5","5","3","2","5","5","5","4","Ne sais pas payer par l’entreprise ","Instagram;Facebook;WhatsApp","Employé","41-45"
"2025/06/26 2:42:25 PM UTC+3","5","En groupe","Non","","","","","","","","","","","","","","","","","","","","","","","","","","","","","","1","1","3","1","4","4","1","1","3","5","1","5","10","5","1","1","1","1","1","1","1","1","1","1","5","5","5","4","1","1","1","1","Pas de consentement pour l'instant ","LinkedIn;WhatsApp","Cadre et profession intellectuelle supérieure","51-55"
"2025/06/26 2:45:20 PM UTC+3","5","Individuellement","Non","","","","","","","","","","","","","","","","","","","","","","","","","","","","","","1","5","1","1","5","1","1","3","4","1","1","1","9","3","5","5","5","5","5","5","5","5","5","5","5","5","5","5","5","5","5","5","10€","Instagram;YouTube","Cadre et profession intellectuelle supérieure","41-45"
"2025/06/26 2:53:12 PM UTC+3","4","En groupe","Non","","","","","","","","","","","","","","","","","","","","","","","","","","","","","","1","5","1","3","5","2","1","3","5","1","1","3","6","3","5","4","4","5","4","4","5","4","3","3","5","5","5","5","5","5","3","3","50€","Instagram","Etudiant","26-30"
"2025/06/26 2:59:54 PM UTC+3","4","En groupe","Non","","","","","","","","","","","","","","","","","","","","","","","","","","","","","","1","4","1","1","3","1","1","1","3","1","2","1","5","3","4","5","5","5","4","3","4","4","4","4","5","5","5","4","5","5","5","5","5€","WhatsApp","Employé","46-50"
"2025/06/26 3:01:01 PM UTC+3","4","En groupe","Non","","","","","","","","","","","","","","","","","","","","","","","","","","","","","","1","3","1","1","3","4","1","1","3","3","1","1","3","3","3","5","2","5","5","4","4","4","4","5","4","4","4","4","4","5","3","3","Tbd","Instagram;LinkedIn;WhatsApp","Cadre et profession intellectuelle supérieure","56 et plus"
"2025/06/26 3:03:58 PM UTC+3","3","En groupe","Non","","","","","","","","","","","","","","","","","","","","","","","","","","","","","","1","4","1","1","4","1","1","1","4","1","1","1","5","4","4","5","3","5","4","4","2","3","4","3","5","5","3","4","5","3","5","4","15","Instagram;Facebook;YouTube;WhatsApp;Aucun","Employé","41-45"
"2025/06/26 3:05:24 PM UTC+3","5","Individuellement","Oui","1","1","1","5","1","1","5","1","5","1","1","5","1","3","5","5","5","3","5","1","5","5","5","5","5","Je ne connais pas du tout les tarifs dansbce domaine ","Instagram;Facebook;LinkedIn;WhatsApp","Profession intermédiaire","46-50","","","","","","","","","","","","","","","","","","","","","","","","","","","","","","","","","","","",""
"2025/06/26 3:06:57 PM UTC+3","5","En groupe","Non","","","","","","","","","","","","","","","","","","","","","","","","","","","","","","4","4","1","1","4","1","1","1","5","5","1","3","7","3","3","5","5","3","5","3","3","5","5","3","5","5","5","5","5","5","5","5","JSP","Instagram;Facebook;LinkedIn;WhatsApp","Cadre et profession intellectuelle supérieure","46-50"
"2025/06/26 3:08:38 PM UTC+3","5","En groupe","Non","","","","","","","","","","","","","","","","","","","","","","","","","","","","","","1","5","1","3","2","1","1","3","1","1","3","1","8","4","5","5","3","3","5","5","5","5","4","5","2","4","3","3","3","4","1","3","Pas d’avis","LinkedIn","Cadre et profession intellectuelle supérieure","51-55"
"2025/06/26 3:08:48 PM UTC+3","5","En groupe","Oui","1","1","1","1","1","1","1","4","1","1","1","4","5","5","10","5","5","3","5","1","5","5","5","5","5","5€ par mois","Instagram;WhatsApp","Cadre et profession intellectuelle supérieure","51-55","","","","","","","","","","","","","","","","","","","","","","","","","","","","","","","","","","","",""
"2025/06/26 3:13:43 PM UTC+3","5","En groupe","Non","","","","","","","","","","","","","","","","","","","","","","","","","","","","","","1","2","1","1","3","1","1","1","1","2","1","1","3","3","2","5","5","5","5","5","5","5","5","5","5","5","5","5","3","5","5","3","300","Instagram;Facebook;LinkedIn;WhatsApp","Cadre et profession intellectuelle supérieure","41-45"
"2025/06/26 3:21:07 PM UTC+3","4","En groupe","Non","","","","","","","","","","","","","","","","","","","","","","","","","","","","","","1","5","1","5","2","1","1","1","2","1","1","1","8","3","5","5","5","5","5","5","4","5","5","5","5","5","5","5","5","5","5","5","2000 par an","LinkedIn","Cadre et profession intellectuelle supérieure","41-45"
"2025/06/26 3:29:04 PM UTC+3","5","En groupe","Oui et j’utilise aussi les outils de brainstorming","2","1","1","4","1","1","1","1","2","1","1","1","5","3","5","5","5","5","1","3","5","1","5","1","5","0","LinkedIn","Cadre et profession intellectuelle supérieure","41-45","","","","","","","","","","","","","","","","","","","","","","","","","","","","","","","","","","","",""
"2025/06/26 3:36:55 PM UTC+3","5","Individuellement","Non","","","","","","","","","","","","","","","","","","","","","","","","","","","","","","1","1","1","1","5","1","1","1","4","3","1","1","5","4","5","5","3","5","5","5","5","5","1","5","5","5","5","5","5","5","2","1","20€ par mois ","Instagram;Snapchat;TikTok","Employé","18-25"
"2025/06/26 3:40:26 PM UTC+3","4","En groupe","Non","","","","","","","","","","","","","","","","","","","","","","","","","","","","","","5","1","1","1","5","1","1","1","3","3","1","1","7","3","3","4","4","4","4","4","4","4","3","3","4","3","3","4","4","5","4","3","30€","Snapchat;TikTok;X","Employé","18-25"
"2025/06/26 3:42:48 PM UTC+3","4","Individuellement","Non","","","","","","","","","","","","","","","","","","","","","","","","","","","","","","1","5","1","1","5","1","1","1","1","1","1","5","7","3","4","5","4","4","5","4","3","5","4","2","5","5","5","3","2","5","2","5","80€","Instagram;Snapchat;TikTok","Etudiant","18-25"
"2025/06/26 3:44:06 PM UTC+3","5","Individuellement","Non","","","","","","","","","","","","","","","","","","","","","","","","","","","","","","1","4","2","1","5","1","1","1","2","2","3","1","7","4","4","5","5","3","5","5","4","5","5","4","5","5","3","4","5","5","2","3","0","Instagram;TikTok","Employé","26-30"
"2025/06/26 3:45:17 PM UTC+3","5","Individuellement","Non","","","","","","","","","","","","","","","","","","","","","","","","","","","","","","1","5","1","2","1","1","1","1","2","5","1","1","5","3","5","5","5","5","5","5","5","5","5","5","5","5","5","5","5","5","5","5","0","Instagram;Facebook;LinkedIn;YouTube;WhatsApp","Employé","41-45"
"2025/06/26 3:46:00 PM UTC+3","2","En groupe","Non","","","","","","","","","","","","","","","","","","","","","","","","","","","","","","1","2","1","1","4","1","1","1","3","2","1","1","8","3","3","3","2","3","5","4","5","5","5","2","3","5","5","4","5","5","3","5","Moins d’une vingtaine d’euros ","Instagram;Snapchat;TikTok","Etudiant","18-25"
"2025/06/26 3:49:47 PM UTC+3","1","Individuellement","Non","","","","","","","","","","","","","","","","","","","","","","","","","","","","","","1","5","2","1","5","1","1","3","5","3","1","1","9","3","3","4","5","5","4","5","3","5","4","3","5","4","5","4","5","5","5","5","45€ ","Instagram;Snapchat;TikTok;YouTube;WhatsApp","Etudiant","18-25"
"2025/06/26 3:55:29 PM UTC+3","5","En groupe","Non","","","","","","","","","","","","","","","","","","","","","","","","","","","","","","1","4","1","1","2","1","1","1","4","1","1","1","6","3","2","3","5","5","5","2","3","4","5","3","4","5","3","3","5","4","4","3","0","WhatsApp","Cadre et profession intellectuelle supérieure","56 et plus"
"2025/06/26 3:59:01 PM UTC+3","1","En groupe","Non mais j’utilise mes outils de brainstorming","1","1","1","1","1","5","5","2","3","1","1","5","5","4","0","5","5","2","5","1","5","5","5","5","5","Oui","Instagram;Snapchat;TikTok;YouTube;WhatsApp","Etudiant","18-25","","","","","","","","","","","","","","","","","","","","","","","","","","","","","","","","","","","",""
"2025/06/26 4:01:06 PM UTC+3","1","Individuellement","Non","","","","","","","","","","","","","","","","","","","","","","","","","","","","","","1","3","1","1","5","1","1","2","3","4","2","1","9","4","3","5","5","5","4","5","3","3","3","2","5","5","5","3","5","5","5","5","30","Snapchat;TikTok","Etudiant","18-25"
"2025/06/26 4:01:33 PM UTC+3","4","En groupe","Oui","1","1","1","1","1","1","3","3","1","4","1","5","4","3","10","3","5","3","5","2","5","3","5","4","5","10€/mois","Snapchat;TikTok;X","Etudiant","18-25","","","","","","","","","","","","","","","","","","","","","","","","","","","","","","","","","","","",""
"2025/06/26 4:01:47 PM UTC+3","4","En groupe","Non","","","","","","","","","","","","","","","","","","","","","","","","","","","","","","5","1","1","1","3","1","1","1","2","5","1","1","1","2","3","5","5","5","5","3","5","5","5","4","5","5","5","5","5","5","5","5","10/20 euros par mois ","Instagram","Cadre et profession intellectuelle supérieure","31-35"
"2025/06/26 4:02:53 PM UTC+3","5","En groupe","Non","","","","","","","","","","","","","","","","","","","","","","","","","","","","","","1","5","1","1","4","1","1","1","3","1","1","1","8","3","4","5","5","5","5","4","4","4","5","5","5","5","5","4","5","5","4","5","Je sais pas","Snapchat;TikTok;X","Etudiant","18-25"
"2025/06/26 4:03:59 PM UTC+3","5","En groupe","Oui","1","1","1","3","1","1","1","5","1","4","1","5","5","3","7","4","5","3","5","5","5","3","5","3","5","20 euro ","Instagram;Snapchat;TikTok;WhatsApp","Etudiant","18-25","","","","","","","","","","","","","","","","","","","","","","","","","","","","","","","","","","","",""
"2025/06/26 4:04:50 PM UTC+3","2","Individuellement","Non mais j’utilise mes outils de brainstorming","1","1","4","1","1","1","1","2","1","1","1","2","5","4","10","5","5","2","4","5","5","5","5","5","5","2,99€ par mois ou bien un abonnement à vie que l’on paye qu’une fois à79,89€","Snapchat;YouTube;WhatsApp","Etudiant","18-25","","","","","","","","","","","","","","","","","","","","","","","","","","","","","","","","","","","",""
"2025/06/26 4:08:52 PM UTC+3","5","En groupe","Non mais j’utilise mes outils de brainstorming","1","1","1","2","1","1","1","3","1","1","1","4","2","3","3","5","5","5","5","2","5","5","5","4","5","10€/mois","LinkedIn;WhatsApp","Cadre et profession intellectuelle supérieure","46-50","","","","","","","","","","","","","","","","","","","","","","","","","","","","","","","","","","","",""
"2025/06/26 4:17:41 PM UTC+3","4","En groupe","Non mais j’utilise mes outils de brainstorming","1","1","1","1","1","1","1","2","1","3","3","5","3","2","4","5","4","4","3","4","5","5","5","5","5","2,99","X","Etudiant","18-25","","","","","","","","","","","","","","","","","","","","","","","","","","","","","","","","","","","",""
"2025/06/26 4:21:42 PM UTC+3","2","En groupe","Non","","","","","","","","","","","","","","","","","","","","","","","","","","","","","","1","5","1","1","1","1","1","1","4","2","1","1","2","2","1","3","3","3","3","3","2","3","3","3","3","5","5","5","5","5","5","5","15","Facebook;LinkedIn;WhatsApp","Employé","51-55"
"2025/06/26 4:22:05 PM UTC+3","5","Individuellement","Non","","","","","","","","","","","","","","","","","","","","","","","","","","","","","","1","4","1","1","5","1","1","1","2","1","1","2","3","3","3","5","4","3","5","4","5","5","4","5","5","5","5","4","5","5","5","4","1€","Instagram;Snapchat","Etudiant","18-25"
"2025/06/26 4:26:24 PM UTC+3","5","Individuellement;En groupe","Non","","","","","","","","","","","","","","","","","","","","","","","","","","","","","","1","1","1","1","3","1","1","1","3","3","1","1","10","5","5","5","5","5","5","5","5","5","5","5","5","5","5","5","5","5","5","5","47,99€","Instagram;TikTok","Etudiant","18-25"
"2025/06/26 4:29:14 PM UTC+3","5","En groupe","Oui et j’utilise aussi les outils de brainstorming","1","1","1","3","1","1","5","2","1","1","1","1","3","3","7","5","4","3","4","3","5","5","5","3","3","Aucune idee","Facebook;TikTok;LinkedIn;WhatsApp","Cadre et profession intellectuelle supérieure","41-45","","","","","","","","","","","","","","","","","","","","","","","","","","","","","","","","","","","",""
"2025/06/26 4:33:42 PM UTC+3","5","En groupe","Non","","","","","","","","","","","","","","","","","","","","","","","","","","","","","","1","3","1","2","1","1","1","1","4","3","1","1","1","3","3","4","4","4","4","3","3","5","5","5","4","5","5","4","5","5","5","4","15 € / mois","Instagram;Facebook;TikTok;WhatsApp","Cadre et profession intellectuelle supérieure","56 et plus"
"2025/06/26 4:34:16 PM UTC+3","4","En groupe","Non","","","","","","","","","","","","","","","","","","","","","","","","","","","","","","1","5","1","2","1","1","1","1","2","1","1","1","2","4","4","5","5","5","4","3","3","4","5","4","5","5","3","4","4","5","3","3","Aucune idée","Facebook;WhatsApp","Cadre et profession intellectuelle supérieure","46-50"
"2025/06/26 4:37:56 PM UTC+3","5","Individuellement","Non","","","","","","","","","","","","","","","","","","","","","","","","","","","","","","1","5","1","1","1","1","1","1","1","1","1","1","0","4","3","5","1","1","5","4","3","5","3","5","5","5","5","1","5","5","1","1","10","LinkedIn","Cadre et profession intellectuelle supérieure","41-45"
"2025/06/26 4:47:52 PM UTC+3","1","Individuellement","Non","","","","","","","","","","","","","","","","","","","","","","","","","","","","","","1","1","1","1","1","1","1","1","5","5","1","1","3","3","5","5","5","5","5","5","5","5","5","5","5","5","5","5","5","5","5","5","Une somme pas trop ecssessive ","Facebook","Profession intermédiaire","51-55"
"2025/06/26 4:48:33 PM UTC+3","5","Individuellement;En groupe","Non mais j’utilise mes outils de brainstorming","1","1","1","1","1","1","3","4","1","1","4","5","5","5","10","3","4","5","5","3","5","4","5","3","4","Ça dépend si c’est par mois ou à vie ","Instagram;Snapchat;TikTok;YouTube","Etudiant","18-25","","","","","","","","","","","","","","","","","","","","","","","","","","","","","","","","","","","",""
"2025/06/26 4:49:43 PM UTC+3","2","Individuellement","Non","","","","","","","","","","","","","","","","","","","","","","","","","","","","","","1","1","1","1","5","1","1","1","3","1","1","1","10","5","5","5","5","5","5","5","5","5","5","5","5","5","5","5","5","5","5","5","Je sais pas ","Aucun","Etudiant","18-25"
"2025/06/26 4:51:03 PM UTC+3","5","En groupe","Non","","","","","","","","","","","","","","","","","","","","","","","","","","","","","","1","3","1","1","3","1","1","1","5","1","1","1","10","2","5","5","5","5","5","4","2","1","2","1","3","5","2","4","5","1","3","3","20","Instagram;Snapchat;TikTok","Etudiant","18-25"
"2025/06/26 4:53:25 PM UTC+3","5","En groupe","Oui et j’utilise aussi les outils de brainstorming","4","4","3","2","3","5","5","5","5","4","3","5","2","3","8","4","4","4","3","3","3","4","3","5","3","idk","Instagram;Snapchat;TikTok;WhatsApp","Employé","18-25","","","","","","","","","","","","","","","","","","","","","","","","","","","","","","","","","","","",""
"2025/06/26 4:53:36 PM UTC+3","4","En groupe","Non","","","","","","","","","","","","","","","","","","","","","","","","","","","","","","1","4","1","1","5","1","1","1","3","4","1","1","4","2","3","3","2","3","4","4","1","3","2","1","4","4","4","3","4","4","4","4","10","TikTok","Etudiant","18-25"
"2025/06/26 4:55:04 PM UTC+3","5","Individuellement","Non","","","","","","","","","","","","","","","","","","","","","","","","","","","","","","1","1","1","1","5","1","1","1","2","1","1","1","5","3","3","5","2","4","3","3","5","5","5","5","5","4","5","4","3","5","3","5","8€","Instagram;Snapchat;TikTok","Etudiant","18-25"
"2025/06/26 5:05:50 PM UTC+3","2","En groupe","Non","","","","","","","","","","","","","","","","","","","","","","","","","","","","","","1","1","1","1","3","1","1","1","3","1","1","1","4","2","3","5","5","5","5","5","5","5","5","5","5","5","5","5","5","5","5","5","0","Instagram;Snapchat;TikTok;WhatsApp;X","Ouvrier","18-25"
"2025/06/26 5:06:13 PM UTC+3","5","Individuellement","Non","","","","","","","","","","","","","","","","","","","","","","","","","","","","","","1","5","1","1","5","1","1","1","4","4","1","1","2","3","3","5","5","5","3","3","4","5","3","3","5","5","3","3","5","5","3","3","Aucune idée !","Instagram;Facebook;WhatsApp","Profession intermédiaire","41-45"
"2025/06/26 5:08:11 PM UTC+3","5","Individuellement","Non","","","","","","","","","","","","","","","","","","","","","","","","","","","","","","3","3","1","1","5","1","1","1","4","4","2","5","10","4","3","5","5","5","4","5","5","5","4","2","5","4","5","3","5","5","3","5","20€/mois","Instagram;TikTok;YouTube","Artisan, commerçant, chef d'entreprise","26-30"
"2025/06/26 5:17:02 PM UTC+3","2","Individuellement","Non","","","","","","","","","","","","","","","","","","","","","","","","","","","","","","1","1","1","1","4","1","1","1","1","1","1","1","8","4","2","5","3","5","5","2","4","5","3","1","5","5","5","2","5","5","5","2","20€","Snapchat","Etudiant","18-25"
"2025/06/26 5:21:36 PM UTC+3","3","En groupe","Non mais j’utilise mes outils de brainstorming","2","3","5","4","1","1","3","4","1","2","5","1","1","3","10","3","5","4","5","4","5","3","4","4","4","Oui","Instagram;Facebook;Snapchat;TikTok;WhatsApp","Profession intermédiaire","18-25","","","","","","","","","","","","","","","","","","","","","","","","","","","","","","","","","","","",""
"2025/06/26 5:21:58 PM UTC+3","1","Individuellement","Oui et j’utilise aussi les outils de brainstorming","1","3","4","3","5","5","3","5","5","1","1","5","3","3","4","4","5","3","5","3","3","3","3","3","3","Idk","Instagram;Snapchat;TikTok","Employé","18-25","","","","","","","","","","","","","","","","","","","","","","","","","","","","","","","","","","","",""
"2025/06/26 5:36:47 PM UTC+3","2","En groupe","Oui et j’utilise aussi les outils de brainstorming","2","3","3","1","3","3","2","2","3","5","3","3","2","3","4","3","4","4","3","1","5","4","2","3","2","oui","Instagram;TikTok","Agriculteur exploitant","18-25","","","","","","","","","","","","","","","","","","","","","","","","","","","","","","","","","","","",""
"2025/06/26 5:38:19 PM UTC+3","5","En groupe","Oui et j’utilise aussi les outils de brainstorming","1","1","1","5","3","1","1","5","5","5","2","1","2","1","2","5","5","3","3","5","5","5","5","3","3","10€","LinkedIn","Artisan, commerçant, chef d'entreprise","31-35","","","","","","","","","","","","","","","","","","","","","","","","","","","","","","","","","","","",""
"2025/06/26 5:47:48 PM UTC+3","5","En groupe","Oui et j’utilise aussi les outils de brainstorming","1","2","1","4","1","1","1","5","5","3","1","5","3","2","5","5","5","3","2","1","5","5","5","5","5","25 euros ","Instagram;TikTok","Profession intermédiaire","18-25","","","","","","","","","","","","","","","","","","","","","","","","","","","","","","","","","","","",""
"2025/06/26 5:47:53 PM UTC+3","2","En groupe","Non","","","","","","","","","","","","","","","","","","","","","","","","","","","","","","1","1","1","1","4","1","1","3","1","1","1","1","8","3","4","5","5","5","3","3","4","4","3","3","5","5","4","3","5","5","4","3","15€","Instagram;Facebook;WhatsApp","Artisan, commerçant, chef d'entreprise","18-25"
"2025/06/26 5:49:37 PM UTC+3","3","En groupe","Non","","","","","","","","","","","","","","","","","","","","","","","","","","","","","","1","1","1","1","1","1","1","1","1","1","1","1","0","3","3","4","5","5","5","3","4","5","5","4","5","5","5","5","5","5","4","5","15€ par mois","Instagram;Snapchat;YouTube;WhatsApp","Employé","18-25"
"2025/06/26 5:54:03 PM UTC+3","2","Individuellement","Non","","","","","","","","","","","","","","","","","","","","","","","","","","","","","","1","4","1","1","5","1","1","3","5","5","2","1","7","3","3","4","4","2","4","5","4","3","3","4","5","5","2","1","5","5","3","3",".","Instagram;Snapchat;TikTok;WhatsApp","Employé","18-25"
"2025/06/26 6:09:37 PM UTC+3","4","Individuellement","Non","","","","","","","","","","","","","","","","","","","","","","","","","","","","","","1","2","1","1","5","1","1","3","4","5","2","2","4","2","3","5","5","5","3","5","4","4","2","5","5","5","5","4","5","5","4","3","10€ / mois","Snapchat;TikTok;WhatsApp","Etudiant","18-25"
"2025/06/26 6:10:24 PM UTC+3","5","En groupe","Non","","","","","","","","","","","","","","","","","","","","","","","","","","","","","","1","2","1","1","2","1","1","1","2","1","1","1","0","1","3","5","3","5","5","3","3","5","5","4","5","5","5","5","3","5","5","5","10","WhatsApp","Employé","46-50"
"2025/06/26 6:12:37 PM UTC+3","5","En groupe","Non","","","","","","","","","","","","","","","","","","","","","","","","","","","","","","1","5","1","1","5","1","1","3","1","2","5","1","7","3","5","5","4","4","5","5","5","5","5","4","5","5","5","4","5","5","5","4","25€/mois","Instagram;Snapchat;TikTok;X","Etudiant","18-25"
"2025/06/26 6:13:46 PM UTC+3","5","En groupe","Non","","","","","","","","","","","","","","","","","","","","","","","","","","","","","","1","5","1","1","1","1","1","1","1","1","1","1","2","4","3","5","2","2","5","4","3","4","2","3","5","5","3","2","4","5","2","1","Gratuit","WhatsApp","Cadre et profession intellectuelle supérieure","26-30"
"2025/06/26 6:14:21 PM UTC+3","5","En groupe","Non","","","","","","","","","","","","","","","","","","","","","","","","","","","","","","1","5","1","2","2","2","1","2","2","1","3","1","3","2","2","5","5","5","3","2","3","3","3","2","2","3","1","3","3","4","3","2","5€","Instagram;YouTube;WhatsApp","Cadre et profession intellectuelle supérieure","46-50"
"2025/06/26 6:34:40 PM UTC+3","2","En groupe","Oui","1","5","4","3","3","3","3","3","3","4","4","4","4","4","8","3","3","3","3","3","4","3","4","4","3","Oui","Snapchat;WhatsApp","Employé","18-25","","","","","","","","","","","","","","","","","","","","","","","","","","","","","","","","","","","",""
"2025/06/26 7:14:19 PM UTC+3","5","Individuellement","Non mais j’utilise mes outils de brainstorming","2","1","1","1","1","1","1","2","1","1","1","5","4","3","7","5","5","3","3","3","5","5","5","4","5","🤷🏻‍♀️","Instagram;Snapchat;TikTok","Etudiant","18-25","","","","","","","","","","","","","","","","","","","","","","","","","","","","","","","","","","","",""
"2025/06/26 7:21:06 PM UTC+3","5","En groupe","Non mais j’utilise mes outils de brainstorming","1","1","1","3","1","1","1","2","1","2","1","1","5","4","8","5","5","4","4","3","5","5","4","4","4","20€/mois","LinkedIn","Cadre et profession intellectuelle supérieure","46-50","","","","","","","","","","","","","","","","","","","","","","","","","","","","","","","","","","","",""
"2025/06/26 7:22:11 PM UTC+3","1","Individuellement","Non","","","","","","","","","","","","","","","","","","","","","","","","","","","","","","1","1","1","1","1","1","1","1","1","3","1","1","0","1","1","1","3","3","3","2","2","2","1","1","1","2","3","3","3","5","3","3","0","Instagram;Facebook;Snapchat;TikTok;YouTube;WhatsApp;X","Employé","26-30"
"2025/06/26 7:22:50 PM UTC+3","5","Individuellement","Oui","2","1","1","3","1","1","2","3","1","1","1","3","2","2","6","3","5","3","4","3","5","5","5","5","5","10€ ","Instagram;YouTube;WhatsApp","Etudiant","18-25","","","","","","","","","","","","","","","","","","","","","","","","","","","","","","","","","","","",""
"2025/06/26 7:56:14 PM UTC+3","5","En groupe","Non","","","","","","","","","","","","","","","","","","","","","","","","","","","","","","1","3","1","1","4","1","2","1","3","4","1","1","10","2","3","4","3","5","2","4","2","4","5","3","2","4","3","2","4","5","1","5","5 euros ","Snapchat;TikTok;YouTube","Etudiant","18-25"
"2025/06/26 7:56:54 PM UTC+3","3","Individuellement","Non","","","","","","","","","","","","","","","","","","","","","","","","","","","","","","1","2","1","1","4","1","1","1","2","2","1","1","9","3","2","3","5","3","5","5","4","5","4","3","5","5","5","3","5","5","5","5","5","Instagram;Snapchat;TikTok","Etudiant","18-25"
"2025/06/26 8:01:43 PM UTC+3","4","Individuellement","Non","","","","","","","","","","","","","","","","","","","","","","","","","","","","","","1","2","1","1","5","1","1","1","3","1","1","1","7","3","5","5","1","1","5","4","3","5","3","3","5","5","3","3","5","4","3","1","0","Instagram","Employé","18-25"
"2025/06/26 8:01:47 PM UTC+3","3","Individuellement","Non","","","","","","","","","","","","","","","","","","","","","","","","","","","","","","1","1","1","1","2","1","1","1","3","1","1","1","5","4","3","4","4","4","4","3","4","3","2","2","3","5","1","1","1","5","5","4","0","TikTok","Etudiant","18-25"
"2025/06/26 8:08:03 PM UTC+3","5","Individuellement","Non mais j’utilise mes outils de brainstorming","1","1","1","1","1","1","1","3","1","1","1","4","4","4","5","4","2","3","3","4","5","5","2","4","2","10","Instagram;Snapchat","Etudiant","18-25","","","","","","","","","","","","","","","","","","","","","","","","","","","","","","","","","","","",""
"2025/06/26 8:08:21 PM UTC+3","4","Individuellement","Non","","","","","","","","","","","","","","","","","","","","","","","","","","","","","","1","1","1","1","1","1","1","1","3","1","1","1","10","4","2","5","5","5","3","3","3","4","4","2","4","5","1","3","5","5","1","3","15","Instagram;TikTok;WhatsApp;X","Etudiant","18-25"
"2025/06/26 8:17:13 PM UTC+3","5","Individuellement","Non mais j’utilise mes outils de brainstorming","1","1","1","2","1","1","1","5","1","2","1","5","5","3","6","5","5","5","5","5","5","4","5","4","5","0","Instagram;TikTok;LinkedIn;YouTube;WhatsApp","Etudiant","18-25","","","","","","","","","","","","","","","","","","","","","","","","","","","","","","","","","","","",""
"2025/06/26 8:39:17 PM UTC+3","3","Individuellement","Non","","","","","","","","","","","","","","","","","","","","","","","","","","","","","","1","1","1","1","1","1","1","1","1","1","1","1","8","3","5","4","5","4","3","5","4","5","4","5","5","5","3","3","5","5","5","5","0€","YouTube;WhatsApp","Etudiant","18-25"
"2025/06/26 9:22:41 PM UTC+3","5","Individuellement","Non","","","","","","","","","","","","","","","","","","","","","","","","","","","","","","1","5","1","1","1","1","1","1","3","1","1","1","0","1","1","4","2","4","2","1","3","3","3","2","3","1","3","2","3","3","3","2","10","Instagram;Facebook;LinkedIn;YouTube;WhatsApp","Artisan, commerçant, chef d'entreprise","41-45"
"2025/06/26 10:04:33 PM UTC+3","5","Individuellement","Non","","","","","","","","","","","","","","","","","","","","","","","","","","","","","","1","1","1","1","5","1","1","1","5","5","1","1","4","2","5","5","5","5","5","1","5","5","5","5","5","5","5","5","5","5","5","4","5€","Snapchat","Etudiant","18-25"
"2025/06/26 10:51:05 PM UTC+3","4","Individuellement","Non mais j’utilise mes outils de brainstorming","1","1","1","1","1","1","1","2","1","1","1","3","4","3","7","4","4","3","3","3","4","2","3","3","2","8 euros ","Instagram;TikTok;YouTube","Etudiant","18-25","","","","","","","","","","","","","","","","","","","","","","","","","","","","","","","","","","","",""
"2025/06/26 11:02:44 PM UTC+3","5","Individuellement","Non","","","","","","","","","","","","","","","","","","","","","","","","","","","","","","1","1","1","1","5","1","1","1","5","1","3","1","8","4","3","4","4","5","5","4","5","5","5","5","5","5","5","5","5","5","5","5","0","Instagram;Snapchat;TikTok","Etudiant","18-25"
"2025/06/26 11:05:07 PM UTC+3","5","En groupe","Oui et j’utilise aussi les outils de brainstorming","1","1","1","4","1","1","2","2","1","1","1","2","4","4","8","5","5","1","1","5","3","5","5","1","1","100","Instagram","Cadre et profession intellectuelle supérieure","31-35","","","","","","","","","","","","","","","","","","","","","","","","","","","","","","","","","","","",""
"2025/06/26 11:07:03 PM UTC+3","4","Individuellement","Non","","","","","","","","","","","","","","","","","","","","","","","","","","","","","","1","1","1","1","5","1","1","1","3","3","1","1","8","4","4","5","5","5","4","3","5","5","4","4","5","5","5","5","5","5","5","5","6/9€","TikTok","Etudiant","18-25"
"2025/06/27 12:45:36 AM UTC+3","5","Individuellement","Oui et j’utilise aussi les outils de brainstorming","1","1","1","1","1","1","1","5","1","5","1","5","3","3","10","5","5","1","5","1","5","5","5","5","5","Gratuit ","Snapchat;TikTok;YouTube","Etudiant","18-25","","","","","","","","","","","","","","","","","","","","","","","","","","","","","","","","","","","",""
"2025/06/27 2:06:40 AM UTC+3","1","En groupe","Non","","","","","","","","","","","","","","","","","","","","","","","","","","","","","","1","1","1","1","4","1","1","1","3","1","1","1","2","2","1","2","1","2","1","2","2","1","2","1","2","1","2","1","2","1","1","2","Sa dépend je sais ps trop ","Instagram;WhatsApp","Etudiant","18-25"
"2025/06/27 8:43:18 AM UTC+3","4","Individuellement","Non","","","","","","","","","","","","","","","","","","","","","","","","","","","","","","1","4","1","1","1","1","1","1","3","1","1","1","1","2","2","1","1","1","2","3","2","3","3","3","4","4","1","3","3","5","2","3","Je ne sais pas ","Instagram;Facebook;Snapchat;TikTok;WhatsApp","Cadre et profession intellectuelle supérieure","56 et plus"
"2025/06/27 11:58:00 AM UTC+3","4","Individuellement","Non","","","","","","","","","","","","","","","","","","","","","","","","","","","","","","1","2","1","1","3","1","1","1","5","3","1","1","7","3","3","5","5","5","4","4","3","5","5","4","5","5","5","5","5","5","5","5","10€ par mois maximum ","YouTube;WhatsApp","Etudiant","18-25"
"2025/06/27 1:16:02 PM UTC+3","5","Individuellement","Oui","3","1","1","1","2","1","2","3","3","4","5","5","5","4","7","5","3","3","3","3","4","4","5","3","2","8.99€","Instagram;LinkedIn","Etudiant","18-25","","","","","","","","","","","","","","","","","","","","","","","","","","","","","","","","","","","",""
"2025/06/27 2:16:14 PM UTC+3","5","Individuellement","Non","","","","","","","","","","","","","","","","","","","","","","","","","","","","","","1","5","1","1","1","1","1","1","5","3","1","1","10","3","1","5","4","5","4","3","3","4","3","3","4","5","4","4","5","5","5","4","0 €","Facebook;LinkedIn;WhatsApp","Artisan, commerçant, chef d'entreprise","46-50"
"2025/06/27 3:26:43 PM UTC+3","4","Individuellement","Non","","","","","","","","","","","","","","","","","","","","","","","","","","","","","","1","4","1","1","4","1","1","1","4","1","1","1","4","4","4","5","4","3","3","4","5","4","3","5","5","5","4","4","5","4","5","4","0","Instagram;YouTube","Etudiant","18-25"
"2025/06/27 6:45:44 PM UTC+3","5","En groupe","Non","","","","","","","","","","","","","","","","","","","","","","","","","","","","","","1","1","1","1","5","1","1","1","5","4","2","1","5","2","3","5","3","4","3","3","5","5","4","3","5","5","5","4","5","5","4","3","0","Instagram;Snapchat;TikTok","Etudiant","18-25"
"2025/06/27 7:34:12 PM UTC+3","5","Individuellement","Non","","","","","","","","","","","","","","","","","","","","","","","","","","","","","","1","1","1","1","3","1","1","1","5","1","1","1","8","3","3","5","5","5","5","3","5","5","5","5","5","5","5","5","5","5","5","5","oui","Instagram;LinkedIn;YouTube;WhatsApp","Etudiant","18-25"
"2025/06/27 10:47:40 PM UTC+3","5","Individuellement","Non","","","","","","","","","","","","","","","","","","","","","","","","","","","","","","1","5","1","1","4","1","1","1","3","2","1","2","10","4","3","5","4","4","5","5","5","3","5","4","5","5","3","4","1","3","4","4","X","Instagram;Snapchat;TikTok;YouTube","Etudiant","18-25"
"2025/06/28 3:22:22 PM UTC+3","5","En groupe","Non mais j’utilise mes outils de brainstorming","1","1","1","2","1","1","3","4","4","1","1","5","4","3","7","4","3","4","4","4","5","5","5","3","3","10/mois","Instagram;TikTok;YouTube;WhatsApp","Cadre et profession intellectuelle supérieure","26-30","","","","","","","","","","","","","","","","","","","","","","","","","","","","","","","","","","","",""
"2025/06/29 9:09:55 AM UTC+3","4","En groupe","Non","","","","","","","","","","","","","","","","","","","","","","","","","","","","","","1","4","1","1","1","1","1","1","1","1","1","1","1","3","4","5","5","5","5","4","5","5","5","5","5","5","5","5","5","5","4","4","50","Aucun","Employé","36-40"
"2025/06/29 2:47:10 PM UTC+3","4","Individuellement","Non","","","","","","","","","","","","","","","","","","","","","","","","","","","","","","1","1","1","1","5","1","1","1","5","1","1","5","10","3","5","5","3","3","3","3","3","5","3","3","5","5","5","3","5","5","3","5","Canva 12€ / Chat GPT 20€ / environ 10€ à 15€","Instagram;Facebook;Snapchat;TikTok;LinkedIn;WhatsApp;X","Cadre et profession intellectuelle supérieure","18-25"
"2025/06/29 5:04:59 PM UTC+3","5","Individuellement","Non","","","","","","","","","","","","","","","","","","","","","","","","","","","","","","3","5","1","2","5","1","1","1","5","5","2","2","5","4","5","5","4","5","4","4","4","5","5","5","5","5","5","4","5","5","3","5","5€ par mois ","Instagram;LinkedIn","Cadre et profession intellectuelle supérieure","51-55"
"2025/06/30 2:06:05 PM UTC+3","5","En groupe","Non","","","","","","","","","","","","","","","","","","","","","","","","","","","","","","1","5","1","1","3","1","1","1","1","3","1","1","2","2","5","5","4","4","5","5","5","5","5","4","5","5","5","5","5","5","3","3","500€","LinkedIn","Cadre et profession intellectuelle supérieure","36-40"
"2025/06/30 4:55:26 PM UTC+3","5","En groupe","Oui et j’utilise aussi les outils de brainstorming","5","1","2","5","1","1","1","2","4","1","1","1","5","4","10","5","5","5","5","3","5","5","5","4","5","9,99","Instagram;LinkedIn;YouTube;WhatsApp;X","Cadre et profession intellectuelle supérieure","36-40","","","","","","","","","","","","","","","","","","","","","","","","","","","","","","","","","","","",""
"2025/07/01 4:08:46 PM UTC+3","5","En groupe","Oui et j’utilise aussi les outils de brainstorming","1","1","1","3","1","1","1","4","1","1","1","2","4","4","10","4","3","3","5","3","5","5","4","3","4","10 euros par mois","Facebook;LinkedIn;WhatsApp;X","Cadre et profession intellectuelle supérieure","51-55","","","","","","","","","","","","","","","","","","","","","","","","","","","","","","","","","","","",""
"2025/07/02 1:53:35 PM UTC+3","5","En groupe","Oui et j’utilise aussi les outils de brainstorming","1","1","1","1","1","1","1","5","1","1","1","5","5","3","5","3","3","3","3","3","5","5","5","4","5","Non","Snapchat;TikTok;LinkedIn","Etudiant","18-25","","","","","","","","","","","","","","","","","","","","","","","","","","","","","","","","","","","",""
"2025/07/08 12:52:28 PM UTC+3","5","Individuellement","Non","","","","","","","","","","","","","","","","","","","","","","","","","","","","","","2","1","2","1","5","1","1","1","2","2","1","2","8","3","4","5","1","1","2","5","2","4","2","5","5","5","3","2","5","5","1","1","7 euros/mois","Instagram;LinkedIn;YouTube;WhatsApp","Etudiant","31-35"